Classifier,BatchSize,TotalTime,Accuracy,ConfusionMatrix
KNN manhattan,20000,32.64,94.96,"[[5482, 4, 2, 9, 3, 2, 20, 2, 33, 3], [0, 6294, 111, 38, 53, 5, 28, 73, 12, 41], [13, 16, 5668, 94, 3, 1, 12, 60, 17, 4], [3, 2, 27, 5633, 1, 49, 1, 63, 21, 19], [12, 10, 4, 1, 5371, 4, 100, 18, 10, 192], [9, 6, 4, 341, 2, 4997, 40, 9, 62, 69], [33, 14, 1, 0, 4, 35, 5741, 0, 30, 0], [0, 24, 48, 70, 51, 1, 0, 5829, 7, 67], [39, 33, 29, 65, 43, 23, 53, 27, 5211, 172], [15, 6, 18, 60, 91, 11, 7, 103, 38, 5464]]"
KNN manhattan,12000,19.74,94.9,"[[5494, 4, 2, 11, 1, 2, 20, 2, 23, 1], [0, 6304, 121, 51, 52, 4, 30, 59, 6, 28], [13, 11, 5683, 76, 1, 1, 10, 76, 14, 3], [3, 4, 22, 5642, 3, 37, 0, 66, 22, 20], [13, 17, 8, 0, 5369, 0, 106, 19, 4, 186], [7, 10, 7, 384, 6, 4963, 45, 13, 54, 50], [34, 18, 2, 0, 3, 38, 5734, 0, 29, 0], [0, 23, 53, 59, 50, 2, 0, 5848, 5, 57], [49, 39, 35, 82, 37, 25, 52, 28, 5175, 173], [21, 11, 22, 78, 95, 8, 10, 100, 26, 5442]]"
KNN manhattan,10000,16.67,94.88,"[[5498, 4, 1, 11, 1, 2, 17, 2, 23, 1], [0, 6319, 124, 40, 52, 3, 27, 58, 4, 28], [17, 13, 5683, 77, 3, 1, 7, 71, 13, 3], [3, 3, 24, 5647, 3, 35, 0, 62, 19, 23], [13, 19, 8, 0, 5363, 0, 108, 19, 4, 188], [7, 8, 8, 428, 7, 4935, 39, 11, 51, 45], [34, 18, 2, 0, 3, 40, 5734, 0, 27, 0], [0, 30, 49, 66, 52, 2, 0, 5840, 5, 53], [46, 39, 36, 78, 42, 28, 49, 30, 5182, 165], [21, 13, 23, 79, 94, 7, 10, 101, 20, 5445]]"
KNN manhattan,11000,18.27,94.87,"[[5495, 4, 2, 11, 1, 2, 19, 2, 23, 1], [0, 6308, 131, 40, 52, 4, 28, 59, 5, 28], [16, 12, 5685, 74, 2, 1, 7, 74, 14, 3], [3, 4, 25, 5642, 3, 36, 0, 64, 19, 23], [13, 19, 7, 0, 5367, 0, 107, 19, 4, 186], [7, 8, 8, 422, 7, 4931, 39, 11, 58, 48], [34, 18, 2, 0, 3, 40, 5732, 0, 29, 0], [0, 24, 48, 64, 50, 2, 0, 5850, 5, 54], [51, 39, 35, 81, 40, 27, 48, 28, 5179, 167], [21, 11, 22, 78, 94, 8, 10, 99, 23, 5447]]"
KNN manhattan,13000,21.82,94.86,"[[5485, 4, 4, 11, 4, 2, 20, 2, 26, 2], [0, 6298, 127, 48, 52, 4, 34, 59, 7, 26], [15, 11, 5678, 74, 2, 2, 13, 76, 14, 3], [4, 5, 18, 5643, 3, 39, 0, 66, 21, 20], [12, 17, 8, 0, 5375, 0, 100, 19, 5, 186], [8, 10, 7, 384, 6, 4964, 44, 15, 51, 50], [34, 18, 2, 0, 3, 40, 5731, 0, 30, 0], [0, 27, 52, 59, 52, 2, 0, 5845, 5, 55], [51, 40, 32, 81, 39, 26, 53, 26, 5173, 174], [19, 11, 31, 72, 96, 8, 10, 102, 27, 5437]]"
KNN manhattan,19000,31.61,94.85,"[[5478, 3, 2, 9, 5, 2, 22, 2, 34, 3], [0, 6289, 112, 39, 52, 6, 29, 74, 11, 43], [13, 16, 5657, 94, 3, 1, 12, 72, 16, 4], [3, 1, 25, 5635, 1, 44, 1, 69, 20, 20], [18, 10, 7, 1, 5372, 0, 105, 16, 10, 183], [6, 6, 4, 382, 3, 4943, 42, 10, 67, 76], [31, 14, 2, 0, 4, 33, 5734, 0, 40, 0], [0, 24, 45, 68, 53, 1, 0, 5829, 7, 70], [43, 32, 29, 62, 37, 19, 52, 29, 5224, 168], [13, 6, 18, 58, 90, 12, 7, 104, 39, 5466]]"
KNN manhattan,16000,26.35,94.83,"[[5481, 5, 4, 15, 4, 2, 20, 2, 26, 1], [0, 6294, 138, 44, 53, 3, 35, 55, 8, 25], [14, 11, 5666, 85, 2, 2, 15, 75, 14, 4], [3, 5, 20, 5639, 2, 40, 1, 70, 20, 19], [12, 14, 7, 0, 5381, 0, 102, 22, 10, 174], [6, 10, 8, 352, 7, 4972, 41, 15, 69, 59], [33, 18, 2, 0, 4, 41, 5714, 0, 46, 0], [0, 25, 54, 61, 44, 2, 0, 5847, 6, 58], [47, 37, 29, 83, 34, 23, 47, 30, 5183, 182], [16, 6, 22, 68, 111, 8, 10, 110, 27, 5435]]"
KNN manhattan,14000,23.08,94.81,"[[5477, 4, 5, 16, 5, 2, 21, 2, 26, 2], [0, 6297, 134, 44, 49, 4, 37, 58, 6, 26], [15, 11, 5673, 78, 2, 2, 13, 75, 15, 4], [4, 6, 15, 5646, 2, 39, 1, 66, 20, 20], [13, 17, 8, 0, 5372, 0, 101, 18, 7, 186], [8, 10, 7, 383, 5, 4964, 43, 14, 54, 51], [33, 16, 2, 0, 5, 40, 5732, 0, 30, 0], [0, 27, 54, 58, 52, 2, 0, 5842, 5, 57], [49, 41, 34, 86, 36, 26, 57, 27, 5164, 175], [16, 11, 29, 73, 86, 9, 10, 113, 28, 5438]]"
KNN manhattan,17000,27.96,94.78,"[[5473, 4, 4, 15, 5, 2, 22, 2, 32, 1], [0, 6283, 137, 45, 53, 6, 34, 56, 9, 32], [12, 11, 5646, 88, 2, 2, 14, 93, 16, 4], [3, 4, 20, 5633, 2, 43, 1, 75, 20, 18], [14, 13, 8, 0, 5387, 0, 97, 22, 8, 173], [6, 7, 7, 351, 8, 4972, 41, 14, 75, 58], [32, 16, 2, 0, 4, 34, 5726, 0, 44, 0], [0, 23, 46, 70, 42, 2, 0, 5848, 8, 58], [46, 36, 33, 74, 36, 24, 46, 31, 5187, 182], [16, 6, 20, 62, 115, 11, 9, 106, 37, 5431]]"
KNN manhattan,18000,29.61,94.77,"[[5475, 3, 3, 9, 5, 2, 25, 2, 33, 3], [0, 6258, 135, 42, 54, 7, 32, 72, 13, 42], [15, 17, 5642, 88, 3, 1, 12, 89, 15, 6], [3, 3, 22, 5633, 1, 44, 1, 70, 20, 22], [17, 11, 8, 1, 5377, 0, 105, 20, 9, 174], [6, 5, 5, 342, 4, 4983, 41, 11, 70, 72], [26, 14, 2, 0, 4, 33, 5739, 0, 40, 0], [0, 23, 43, 70, 52, 1, 0, 5837, 8, 63], [47, 34, 31, 70, 37, 24, 49, 31, 5196, 176], [16, 6, 19, 60, 106, 12, 10, 103, 40, 5441]]"
KNN manhattan,15000,24.94,94.75,"[[5480, 5, 4, 15, 5, 2, 20, 2, 26, 1], [0, 6289, 137, 44, 48, 4, 38, 58, 7, 30], [14, 12, 5678, 73, 2, 2, 13, 75, 15, 4], [3, 7, 19, 5636, 2, 41, 2, 70, 19, 20], [13, 14, 8, 0, 5366, 0, 98, 20, 10, 193], [8, 10, 8, 381, 7, 4958, 44, 15, 56, 52], [35, 16, 2, 0, 5, 41, 5724, 0, 35, 0], [0, 25, 54, 59, 51, 2, 0, 5837, 6, 63], [51, 37, 33, 84, 36, 26, 53, 28, 5169, 178], [17, 6, 27, 69, 105, 9, 10, 111, 28, 5431]]"
KNN manhattan,9000,14.78,94.64,"[[5492, 3, 1, 10, 3, 2, 20, 2, 26, 1], [0, 6313, 124, 38, 51, 2, 27, 62, 4, 34], [19, 14, 5667, 79, 2, 1, 10, 81, 12, 3], [3, 2, 23, 5645, 2, 31, 0, 71, 18, 24], [15, 18, 8, 0, 5363, 0, 116, 19, 3, 180], [7, 8, 8, 504, 7, 4835, 46, 12, 56, 56], [38, 17, 1, 0, 3, 43, 5730, 0, 26, 0], [0, 30, 49, 74, 59, 2, 0, 5818, 6, 59], [49, 40, 38, 61, 37, 17, 54, 32, 5198, 169], [21, 12, 23, 80, 99, 5, 10, 101, 23, 5439]]"
KNN manhattan,8000,13.37,94.34,"[[5478, 2, 1, 11, 2, 2, 32, 2, 29, 1], [0, 6271, 152, 43, 52, 1, 34, 63, 6, 33], [18, 11, 5650, 84, 3, 1, 11, 95, 12, 3], [4, 3, 21, 5644, 2, 29, 1, 73, 19, 23], [18, 17, 9, 0, 5374, 0, 114, 18, 3, 169], [7, 7, 9, 485, 10, 4819, 53, 14, 72, 63], [33, 17, 1, 0, 4, 47, 5725, 0, 31, 0], [0, 26, 47, 76, 55, 2, 0, 5825, 7, 59], [60, 42, 38, 63, 46, 20, 53, 34, 5158, 181], [18, 12, 29, 77, 147, 5, 11, 107, 22, 5385]]"
KNN manhattan,7000,11.69,94.01,"[[5464, 4, 1, 20, 2, 1, 31, 3, 34, 0], [0, 6228, 157, 40, 49, 7, 45, 55, 23, 51], [17, 12, 5619, 103, 4, 1, 13, 103, 13, 3], [4, 5, 30, 5624, 2, 26, 1, 86, 22, 19], [18, 16, 9, 0, 5380, 0, 120, 19, 7, 153], [8, 9, 6, 487, 18, 4800, 55, 18, 91, 47], [56, 23, 1, 0, 6, 45, 5688, 0, 39, 0], [0, 22, 40, 75, 49, 2, 0, 5847, 10, 52], [60, 48, 40, 54, 49, 20, 54, 39, 5162, 169], [18, 16, 24, 89, 174, 5, 10, 118, 36, 5323]]"
KNN minkowski,20000,3.32,94.0,"[[5466, 3, 1, 12, 4, 2, 25, 2, 42, 3], [0, 6113, 157, 121, 55, 10, 32, 74, 38, 55], [14, 14, 5616, 143, 4, 1, 16, 50, 27, 3], [4, 1, 22, 5628, 0, 62, 1, 54, 25, 22], [14, 7, 20, 1, 5292, 21, 113, 29, 14, 211], [10, 3, 8, 377, 2, 4939, 38, 10, 81, 71], [26, 9, 5, 2, 4, 44, 5723, 0, 45, 0], [1, 16, 45, 123, 47, 2, 1, 5762, 5, 95], [34, 22, 33, 114, 34, 29, 54, 25, 5176, 174], [11, 8, 15, 93, 91, 11, 7, 119, 46, 5412]]"
KNN euclidean,20000,5.48,94.0,"[[5466, 3, 1, 12, 4, 2, 25, 2, 42, 3], [0, 6113, 157, 121, 55, 10, 32, 74, 38, 55], [14, 14, 5616, 143, 4, 1, 16, 50, 27, 3], [4, 1, 22, 5628, 0, 62, 1, 54, 25, 22], [14, 7, 20, 1, 5292, 21, 113, 29, 14, 211], [10, 3, 8, 377, 2, 4939, 38, 10, 81, 71], [26, 9, 5, 2, 4, 44, 5723, 0, 45, 0], [1, 16, 45, 123, 47, 2, 1, 5762, 5, 95], [34, 22, 33, 114, 34, 29, 54, 25, 5176, 174], [11, 8, 15, 93, 91, 11, 7, 119, 46, 5412]]"
KNN minkowski,13000,2.17,93.87,"[[5469, 3, 4, 16, 6, 2, 23, 1, 34, 2], [0, 6114, 163, 123, 56, 5, 38, 65, 34, 57], [11, 12, 5603, 154, 4, 3, 19, 54, 26, 2], [4, 3, 25, 5633, 2, 58, 1, 53, 23, 17], [12, 13, 16, 5, 5310, 2, 130, 23, 13, 198], [10, 5, 9, 428, 4, 4898, 40, 13, 81, 51], [32, 10, 5, 2, 4, 48, 5711, 0, 46, 0], [1, 20, 46, 119, 53, 1, 0, 5772, 6, 79], [34, 30, 39, 118, 36, 40, 53, 28, 5152, 165], [13, 12, 24, 112, 84, 8, 8, 129, 35, 5388]]"
KNN euclidean,13000,4.51,93.87,"[[5469, 3, 4, 16, 6, 2, 23, 1, 34, 2], [0, 6114, 163, 123, 56, 5, 38, 65, 34, 57], [11, 12, 5603, 154, 4, 3, 19, 54, 26, 2], [4, 3, 25, 5633, 2, 58, 1, 53, 23, 17], [12, 13, 16, 5, 5310, 2, 130, 23, 13, 198], [10, 5, 9, 428, 4, 4898, 40, 13, 81, 51], [32, 10, 5, 2, 4, 48, 5711, 0, 46, 0], [1, 20, 46, 119, 53, 1, 0, 5772, 6, 79], [34, 30, 39, 118, 36, 40, 53, 28, 5152, 165], [13, 12, 24, 112, 84, 8, 8, 129, 35, 5388]]"
KNN euclidean,12000,4.23,93.87,"[[5475, 3, 3, 16, 4, 2, 23, 1, 32, 1], [0, 6113, 155, 128, 56, 5, 37, 65, 34, 62], [10, 13, 5605, 155, 4, 1, 18, 54, 26, 2], [4, 4, 26, 5630, 2, 60, 1, 53, 22, 17], [13, 13, 17, 5, 5310, 2, 129, 22, 12, 199], [10, 5, 9, 431, 3, 4891, 41, 12, 85, 52], [32, 10, 5, 2, 4, 43, 5717, 0, 45, 0], [1, 19, 46, 123, 53, 1, 0, 5767, 6, 81], [33, 26, 45, 119, 34, 40, 50, 30, 5150, 168], [17, 10, 22, 114, 84, 7, 8, 129, 31, 5391]]"
KNN minkowski,12000,1.97,93.87,"[[5475, 3, 3, 16, 4, 2, 23, 1, 32, 1], [0, 6113, 155, 128, 56, 5, 37, 65, 34, 62], [10, 13, 5605, 155, 4, 1, 18, 54, 26, 2], [4, 4, 26, 5630, 2, 60, 1, 53, 22, 17], [13, 13, 17, 5, 5310, 2, 129, 22, 12, 199], [10, 5, 9, 431, 3, 4891, 41, 12, 85, 52], [32, 10, 5, 2, 4, 43, 5717, 0, 45, 0], [1, 19, 46, 123, 53, 1, 0, 5767, 6, 81], [33, 26, 45, 119, 34, 40, 50, 30, 5150, 168], [17, 10, 22, 114, 84, 7, 8, 129, 31, 5391]]"
KNN euclidean,10000,3.87,93.82,"[[5476, 3, 2, 16, 4, 2, 24, 2, 30, 1], [0, 6121, 167, 116, 57, 4, 35, 62, 34, 59], [14, 14, 5607, 161, 3, 1, 15, 51, 20, 2], [4, 3, 26, 5645, 2, 52, 1, 52, 18, 16], [15, 13, 15, 5, 5307, 2, 130, 22, 11, 202], [10, 4, 11, 499, 4, 4835, 39, 13, 81, 43], [33, 11, 5, 2, 3, 45, 5719, 0, 40, 0], [1, 28, 47, 122, 60, 1, 0, 5755, 7, 76], [39, 25, 51, 112, 33, 35, 48, 30, 5155, 167], [19, 10, 22, 111, 79, 6, 8, 129, 26, 5403]]"
KNN minkowski,14000,2.32,93.82,"[[5469, 3, 3, 17, 6, 2, 24, 2, 32, 2], [0, 6100, 173, 118, 52, 5, 46, 69, 37, 55], [10, 12, 5613, 148, 4, 3, 16, 54, 26, 2], [4, 4, 20, 5638, 2, 57, 2, 53, 22, 17], [11, 12, 19, 5, 5302, 2, 130, 24, 16, 201], [10, 5, 10, 423, 3, 4900, 41, 15, 83, 49], [31, 9, 4, 4, 5, 47, 5711, 0, 47, 0], [1, 21, 45, 119, 56, 1, 1, 5766, 7, 80], [39, 31, 41, 129, 35, 37, 53, 28, 5137, 165], [11, 13, 21, 114, 80, 7, 8, 140, 35, 5384]]"
KNN minkowski,10000,1.72,93.82,"[[5476, 3, 2, 16, 4, 2, 24, 2, 30, 1], [0, 6121, 167, 116, 57, 4, 35, 62, 34, 59], [14, 14, 5607, 161, 3, 1, 15, 51, 20, 2], [4, 3, 26, 5645, 2, 52, 1, 52, 18, 16], [15, 13, 15, 5, 5307, 2, 130, 22, 11, 202], [10, 4, 11, 499, 4, 4835, 39, 13, 81, 43], [33, 11, 5, 2, 3, 45, 5719, 0, 40, 0], [1, 28, 47, 122, 60, 1, 0, 5755, 7, 76], [39, 25, 51, 112, 33, 35, 48, 30, 5155, 167], [19, 10, 22, 111, 79, 6, 8, 129, 26, 5403]]"
KNN euclidean,14000,4.57,93.82,"[[5469, 3, 3, 17, 6, 2, 24, 2, 32, 2], [0, 6100, 173, 118, 52, 5, 46, 69, 37, 55], [10, 12, 5613, 148, 4, 3, 16, 54, 26, 2], [4, 4, 20, 5638, 2, 57, 2, 53, 22, 17], [11, 12, 19, 5, 5302, 2, 130, 24, 16, 201], [10, 5, 10, 423, 3, 4900, 41, 15, 83, 49], [31, 9, 4, 4, 5, 47, 5711, 0, 47, 0], [1, 21, 45, 119, 56, 1, 1, 5766, 7, 80], [39, 31, 41, 129, 35, 37, 53, 28, 5137, 165], [11, 13, 21, 114, 80, 7, 8, 140, 35, 5384]]"
KNN minkowski,11000,1.86,93.81,"[[5476, 3, 2, 16, 4, 2, 23, 2, 31, 1], [0, 6109, 171, 115, 56, 5, 37, 65, 35, 62], [13, 14, 5606, 161, 2, 1, 15, 52, 22, 2], [4, 4, 27, 5640, 2, 51, 1, 56, 18, 16], [13, 13, 16, 5, 5308, 2, 132, 21, 12, 200], [10, 4, 11, 494, 4, 4827, 40, 13, 88, 48], [33, 10, 5, 2, 3, 45, 5717, 0, 43, 0], [1, 19, 44, 123, 54, 1, 0, 5771, 7, 77], [38, 26, 49, 114, 34, 34, 46, 30, 5159, 165], [18, 9, 22, 111, 80, 6, 8, 128, 29, 5402]]"
KNN euclidean,11000,3.99,93.81,"[[5476, 3, 2, 16, 4, 2, 23, 2, 31, 1], [0, 6109, 171, 115, 56, 5, 37, 65, 35, 62], [13, 14, 5606, 161, 2, 1, 15, 52, 22, 2], [4, 4, 27, 5640, 2, 51, 1, 56, 18, 16], [13, 13, 16, 5, 5308, 2, 132, 21, 12, 200], [10, 4, 11, 494, 4, 4827, 40, 13, 88, 48], [33, 10, 5, 2, 3, 45, 5717, 0, 43, 0], [1, 19, 44, 123, 54, 1, 0, 5771, 7, 77], [38, 26, 49, 114, 34, 34, 46, 30, 5159, 165], [18, 9, 22, 111, 80, 6, 8, 128, 29, 5402]]"
KNN euclidean,16000,4.87,93.81,"[[5460, 3, 2, 16, 6, 2, 25, 2, 42, 2], [1, 6094, 171, 131, 57, 4, 43, 67, 44, 43], [12, 12, 5608, 154, 4, 3, 15, 54, 24, 2], [4, 3, 21, 5635, 2, 54, 2, 58, 22, 18], [11, 9, 17, 3, 5314, 1, 137, 28, 22, 180], [8, 5, 9, 390, 7, 4907, 41, 15, 101, 56], [31, 9, 3, 4, 4, 44, 5695, 0, 68, 0], [1, 17, 44, 118, 46, 2, 1, 5779, 5, 84], [39, 30, 38, 127, 34, 34, 49, 28, 5148, 168], [11, 8, 17, 102, 111, 7, 8, 140, 32, 5377]]"
KNN minkowski,16000,2.61,93.81,"[[5460, 3, 2, 16, 6, 2, 25, 2, 42, 2], [1, 6094, 171, 131, 57, 4, 43, 67, 44, 43], [12, 12, 5608, 154, 4, 3, 15, 54, 24, 2], [4, 3, 21, 5635, 2, 54, 2, 58, 22, 18], [11, 9, 17, 3, 5314, 1, 137, 28, 22, 180], [8, 5, 9, 390, 7, 4907, 41, 15, 101, 56], [31, 9, 3, 4, 4, 44, 5695, 0, 68, 0], [1, 17, 44, 118, 46, 2, 1, 5779, 5, 84], [39, 30, 38, 127, 34, 34, 49, 28, 5148, 168], [11, 8, 17, 102, 111, 7, 8, 140, 32, 5377]]"
KNN euclidean,19000,5.3,93.78,"[[5459, 3, 1, 12, 6, 2, 28, 2, 44, 3], [1, 6074, 161, 114, 61, 7, 34, 79, 62, 62], [14, 13, 5602, 149, 3, 1, 16, 58, 28, 4], [4, 1, 21, 5624, 0, 58, 1, 62, 25, 23], [15, 9, 21, 2, 5300, 0, 135, 28, 23, 189], [9, 3, 9, 419, 3, 4879, 45, 10, 86, 76], [26, 9, 5, 2, 5, 44, 5705, 0, 62, 0], [1, 17, 34, 124, 49, 2, 1, 5762, 5, 102], [36, 23, 34, 105, 32, 30, 56, 25, 5183, 171], [10, 8, 15, 94, 91, 7, 7, 126, 47, 5408]]"
KNN minkowski,19000,3.13,93.78,"[[5459, 3, 1, 12, 6, 2, 28, 2, 44, 3], [1, 6074, 161, 114, 61, 7, 34, 79, 62, 62], [14, 13, 5602, 149, 3, 1, 16, 58, 28, 4], [4, 1, 21, 5624, 0, 58, 1, 62, 25, 23], [15, 9, 21, 2, 5300, 0, 135, 28, 23, 189], [9, 3, 9, 419, 3, 4879, 45, 10, 86, 76], [26, 9, 5, 2, 5, 44, 5705, 0, 62, 0], [1, 17, 34, 124, 49, 2, 1, 5762, 5, 102], [36, 23, 34, 105, 32, 30, 56, 25, 5183, 171], [10, 8, 15, 94, 91, 7, 7, 126, 47, 5408]]"
KNN euclidean,17000,5.02,93.74,"[[5452, 3, 2, 14, 6, 2, 28, 2, 49, 2], [1, 6089, 169, 124, 57, 9, 42, 63, 48, 53], [14, 11, 5587, 156, 3, 3, 16, 69, 27, 2], [4, 2, 20, 5629, 1, 54, 2, 67, 24, 16], [12, 10, 19, 3, 5321, 0, 133, 29, 27, 168], [9, 4, 9, 397, 8, 4900, 46, 14, 99, 53], [31, 9, 3, 3, 4, 41, 5699, 0, 68, 0], [1, 14, 37, 131, 44, 2, 1, 5775, 6, 86], [37, 30, 39, 127, 32, 30, 53, 30, 5147, 170], [9, 8, 16, 91, 118, 9, 9, 131, 48, 5374]]"
KNN euclidean,15000,4.65,93.74,"[[5470, 3, 2, 16, 6, 2, 25, 2, 32, 2], [0, 6093, 174, 118, 53, 5, 46, 69, 40, 57], [11, 13, 5614, 147, 3, 3, 15, 56, 24, 2], [4, 4, 23, 5629, 2, 58, 2, 57, 22, 18], [12, 10, 19, 4, 5299, 2, 130, 26, 18, 202], [9, 5, 9, 416, 7, 4898, 44, 15, 86, 50], [34, 9, 3, 4, 5, 43, 5705, 0, 55, 0], [1, 19, 44, 118, 56, 1, 1, 5757, 7, 93], [41, 30, 38, 132, 36, 37, 52, 29, 5135, 165], [11, 9, 19, 103, 107, 6, 8, 139, 35, 5376]]"
KNN minkowski,17000,2.88,93.74,"[[5452, 3, 2, 14, 6, 2, 28, 2, 49, 2], [1, 6089, 169, 124, 57, 9, 42, 63, 48, 53], [14, 11, 5587, 156, 3, 3, 16, 69, 27, 2], [4, 2, 20, 5629, 1, 54, 2, 67, 24, 16], [12, 10, 19, 3, 5321, 0, 133, 29, 27, 168], [9, 4, 9, 397, 8, 4900, 46, 14, 99, 53], [31, 9, 3, 3, 4, 41, 5699, 0, 68, 0], [1, 14, 37, 131, 44, 2, 1, 5775, 6, 86], [37, 30, 39, 127, 32, 30, 53, 30, 5147, 170], [9, 8, 16, 91, 118, 9, 9, 131, 48, 5374]]"
KNN minkowski,15000,2.52,93.74,"[[5470, 3, 2, 16, 6, 2, 25, 2, 32, 2], [0, 6093, 174, 118, 53, 5, 46, 69, 40, 57], [11, 13, 5614, 147, 3, 3, 15, 56, 24, 2], [4, 4, 23, 5629, 2, 58, 2, 57, 22, 18], [12, 10, 19, 4, 5299, 2, 130, 26, 18, 202], [9, 5, 9, 416, 7, 4898, 44, 15, 86, 50], [34, 9, 3, 4, 5, 43, 5705, 0, 55, 0], [1, 19, 44, 118, 56, 1, 1, 5757, 7, 93], [41, 30, 38, 132, 36, 37, 52, 29, 5135, 165], [11, 9, 19, 103, 107, 6, 8, 139, 35, 5376]]"
KNN euclidean,18000,5.1,93.69,"[[5454, 3, 1, 11, 6, 2, 30, 2, 48, 3], [1, 6052, 177, 122, 64, 8, 36, 76, 58, 61], [15, 13, 5586, 156, 3, 1, 16, 65, 29, 4], [4, 1, 20, 5625, 1, 56, 2, 63, 25, 22], [13, 9, 23, 2, 5308, 0, 137, 29, 24, 177], [9, 3, 9, 378, 4, 4915, 45, 12, 88, 76], [25, 9, 5, 2, 4, 44, 5706, 0, 63, 0], [1, 14, 32, 128, 48, 2, 1, 5762, 5, 104], [38, 24, 37, 110, 33, 34, 58, 27, 5152, 182], [9, 8, 17, 95, 113, 8, 10, 123, 46, 5384]]"
KNN minkowski,18000,2.93,93.69,"[[5454, 3, 1, 11, 6, 2, 30, 2, 48, 3], [1, 6052, 177, 122, 64, 8, 36, 76, 58, 61], [15, 13, 5586, 156, 3, 1, 16, 65, 29, 4], [4, 1, 20, 5625, 1, 56, 2, 63, 25, 22], [13, 9, 23, 2, 5308, 0, 137, 29, 24, 177], [9, 3, 9, 378, 4, 4915, 45, 12, 88, 76], [25, 9, 5, 2, 4, 44, 5706, 0, 63, 0], [1, 14, 32, 128, 48, 2, 1, 5762, 5, 104], [38, 24, 37, 110, 33, 34, 58, 27, 5152, 182], [9, 8, 17, 95, 113, 8, 10, 123, 46, 5384]]"
KNN minkowski,9000,1.51,93.46,"[[5469, 3, 1, 16, 5, 2, 25, 2, 36, 1], [0, 6079, 165, 113, 61, 2, 38, 72, 61, 64], [15, 15, 5593, 167, 3, 1, 14, 59, 19, 2], [4, 3, 25, 5638, 1, 51, 1, 60, 17, 19], [13, 14, 16, 4, 5313, 0, 136, 21, 16, 189], [9, 4, 11, 584, 7, 4718, 44, 12, 93, 57], [37, 11, 4, 3, 8, 49, 5700, 0, 46, 0], [1, 27, 42, 129, 69, 1, 0, 5729, 8, 91], [39, 25, 47, 99, 31, 26, 56, 30, 5166, 176], [17, 9, 23, 108, 83, 7, 8, 126, 29, 5403]]"
KNN euclidean,9000,3.75,93.46,"[[5469, 3, 1, 16, 5, 2, 25, 2, 36, 1], [0, 6079, 165, 113, 61, 2, 38, 72, 61, 64], [15, 15, 5593, 167, 3, 1, 14, 59, 19, 2], [4, 3, 25, 5638, 1, 51, 1, 60, 17, 19], [13, 14, 16, 4, 5313, 0, 136, 21, 16, 189], [9, 4, 11, 584, 7, 4718, 44, 12, 93, 57], [37, 11, 4, 3, 8, 49, 5700, 0, 46, 0], [1, 27, 42, 129, 69, 1, 0, 5729, 8, 91], [39, 25, 47, 99, 31, 26, 56, 30, 5166, 176], [17, 9, 23, 108, 83, 7, 8, 126, 29, 5403]]"
KNN manhattan,6000,10.04,93.42,"[[5464, 5, 0, 23, 4, 2, 45, 4, 13, 0], [0, 6210, 174, 31, 41, 5, 53, 61, 35, 45], [21, 15, 5611, 120, 5, 1, 14, 85, 12, 4], [5, 9, 28, 5590, 3, 28, 1, 118, 19, 18], [31, 16, 12, 0, 5310, 0, 137, 18, 7, 191], [9, 10, 11, 481, 24, 4782, 51, 31, 71, 69], [62, 25, 0, 1, 9, 68, 5631, 0, 62, 0], [0, 23, 59, 54, 68, 1, 1, 5826, 12, 53], [93, 67, 35, 67, 56, 22, 68, 37, 5052, 198], [18, 16, 20, 104, 156, 4, 10, 147, 26, 5312]]"
KNN euclidean,8000,3.6,93.09,"[[5451, 3, 1, 16, 5, 2, 37, 3, 41, 1], [1, 6032, 185, 116, 63, 4, 44, 69, 74, 67], [16, 10, 5556, 197, 3, 1, 14, 69, 20, 2], [5, 4, 21, 5634, 1, 50, 1, 63, 19, 21], [13, 13, 25, 7, 5316, 0, 141, 22, 17, 168], [8, 4, 12, 568, 10, 4692, 47, 14, 111, 73], [28, 11, 4, 3, 8, 51, 5701, 0, 52, 0], [2, 20, 38, 133, 66, 1, 0, 5729, 10, 98], [45, 25, 45, 108, 44, 31, 55, 29, 5122, 191], [12, 9, 23, 109, 124, 6, 10, 131, 30, 5359]]"
KNN minkowski,8000,1.4,93.09,"[[5451, 3, 1, 16, 5, 2, 37, 3, 41, 1], [1, 6032, 185, 116, 63, 4, 44, 69, 74, 67], [16, 10, 5556, 197, 3, 1, 14, 69, 20, 2], [5, 4, 21, 5634, 1, 50, 1, 63, 19, 21], [13, 13, 25, 7, 5316, 0, 141, 22, 17, 168], [8, 4, 12, 568, 10, 4692, 47, 14, 111, 73], [28, 11, 4, 3, 8, 51, 5701, 0, 52, 0], [2, 20, 38, 133, 66, 1, 0, 5729, 10, 98], [45, 25, 45, 108, 44, 31, 55, 29, 5122, 191], [12, 9, 23, 109, 124, 6, 10, 131, 30, 5359]]"
LinDisc,10000,0.25,92.79,"[[5358, 10, 11, 15, 19, 0, 47, 17, 80, 3], [0, 6027, 222, 85, 9, 22, 38, 199, 31, 22], [22, 41, 5605, 12, 1, 0, 4, 175, 27, 1], [1, 12, 29, 5470, 1, 19, 1, 247, 23, 16], [20, 71, 42, 0, 5208, 0, 86, 5, 29, 261], [9, 11, 6, 314, 4, 5015, 50, 24, 67, 39], [77, 49, 37, 15, 56, 36, 5460, 0, 125, 3], [0, 58, 47, 6, 58, 1, 0, 5882, 22, 23], [80, 59, 38, 5, 51, 29, 54, 57, 4961, 361], [34, 31, 9, 91, 69, 7, 16, 98, 29, 5429]]"
LinDisc,20000,0.65,92.79,"[[5358, 10, 11, 15, 19, 0, 47, 17, 80, 3], [0, 6027, 222, 85, 9, 22, 38, 199, 31, 22], [22, 41, 5605, 12, 1, 0, 4, 175, 27, 1], [1, 12, 29, 5470, 1, 19, 1, 247, 23, 16], [20, 71, 42, 0, 5208, 0, 86, 5, 29, 261], [9, 11, 6, 314, 4, 5015, 50, 24, 67, 39], [77, 49, 37, 15, 56, 36, 5460, 0, 125, 3], [0, 58, 47, 6, 58, 1, 0, 5882, 22, 23], [80, 59, 38, 5, 51, 29, 54, 57, 4961, 361], [34, 31, 9, 91, 69, 7, 16, 98, 29, 5429]]"
KNN euclidean,7000,3.42,92.69,"[[5434, 4, 1, 22, 6, 1, 41, 3, 48, 0], [2, 6021, 156, 115, 59, 6, 69, 72, 95, 60], [16, 13, 5492, 245, 3, 1, 14, 76, 26, 2], [5, 8, 24, 5614, 2, 43, 1, 82, 22, 18], [13, 8, 27, 5, 5328, 0, 144, 24, 27, 146], [7, 6, 7, 586, 18, 4633, 52, 18, 159, 53], [39, 14, 3, 0, 8, 59, 5662, 0, 73, 0], [2, 20, 37, 127, 61, 1, 0, 5753, 11, 85], [46, 40, 46, 105, 47, 21, 53, 37, 5145, 155], [12, 11, 21, 126, 164, 5, 8, 136, 52, 5278]]"
KNN minkowski,7000,1.28,92.69,"[[5434, 4, 1, 22, 6, 1, 41, 3, 48, 0], [2, 6021, 156, 115, 59, 6, 69, 72, 95, 60], [16, 13, 5492, 245, 3, 1, 14, 76, 26, 2], [5, 8, 24, 5614, 2, 43, 1, 82, 22, 18], [13, 8, 27, 5, 5328, 0, 144, 24, 27, 146], [7, 6, 7, 586, 18, 4633, 52, 18, 159, 53], [39, 14, 3, 0, 8, 59, 5662, 0, 73, 0], [2, 20, 37, 127, 61, 1, 0, 5753, 11, 85], [46, 40, 46, 105, 47, 21, 53, 37, 5145, 155], [12, 11, 21, 126, 164, 5, 8, 136, 52, 5278]]"
LinDisc,19000,0.26,92.64,"[[5355, 10, 11, 16, 20, 0, 51, 17, 78, 2], [0, 6010, 216, 87, 8, 22, 39, 216, 31, 26], [20, 39, 5602, 12, 1, 0, 6, 180, 27, 1], [1, 13, 29, 5456, 1, 18, 1, 259, 22, 19], [25, 81, 41, 0, 5184, 0, 87, 7, 30, 267], [9, 10, 6, 322, 6, 4999, 53, 24, 67, 43], [82, 48, 38, 20, 64, 36, 5442, 0, 125, 3], [0, 59, 48, 4, 55, 1, 0, 5881, 26, 23], [82, 55, 39, 4, 53, 25, 57, 55, 4965, 360], [34, 31, 9, 90, 62, 7, 17, 96, 30, 5437]]"
LinDisc,11000,0.26,92.61,"[[5367, 10, 11, 17, 21, 0, 48, 17, 66, 3], [0, 6002, 234, 88, 9, 29, 40, 201, 28, 24], [22, 42, 5601, 12, 1, 0, 4, 179, 27, 0], [1, 13, 27, 5447, 1, 19, 2, 273, 21, 15], [21, 80, 46, 0, 5203, 0, 82, 6, 25, 259], [9, 12, 7, 321, 5, 5005, 50, 26, 65, 39], [78, 47, 37, 19, 58, 38, 5451, 0, 127, 3], [0, 69, 43, 4, 54, 1, 0, 5880, 22, 24], [81, 62, 39, 4, 50, 28, 58, 60, 4926, 387], [34, 32, 9, 96, 65, 7, 16, 99, 27, 5428]]"
LinDisc,18000,0.24,92.51,"[[5344, 11, 11, 15, 20, 0, 55, 17, 84, 3], [0, 5994, 216, 93, 9, 29, 39, 218, 30, 27], [21, 39, 5588, 12, 1, 0, 8, 190, 28, 1], [1, 14, 30, 5444, 1, 18, 2, 270, 20, 19], [20, 83, 46, 0, 5185, 0, 87, 7, 28, 266], [8, 10, 8, 317, 6, 4999, 55, 27, 66, 43], [81, 47, 37, 23, 68, 35, 5442, 0, 123, 2], [0, 60, 49, 4, 51, 1, 0, 5883, 25, 24], [80, 58, 39, 5, 54, 29, 60, 56, 4935, 379], [34, 31, 9, 82, 68, 7, 18, 96, 31, 5437]]"
LinDisc,12000,0.21,92.45,"[[5358, 8, 12, 15, 22, 0, 52, 17, 74, 2], [0, 5991, 225, 94, 9, 31, 42, 209, 29, 25], [21, 39, 5594, 12, 1, 0, 5, 190, 25, 1], [1, 14, 30, 5422, 1, 19, 2, 293, 23, 14], [25, 92, 44, 0, 5174, 0, 83, 6, 30, 268], [9, 12, 7, 312, 4, 5013, 54, 26, 65, 37], [79, 46, 36, 19, 60, 41, 5452, 0, 122, 3], [0, 67, 45, 4, 51, 1, 0, 5882, 22, 25], [83, 61, 37, 4, 51, 32, 63, 58, 4913, 393], [34, 34, 9, 98, 66, 7, 17, 98, 28, 5422]]"
LinDisc,13000,0.2,92.42,"[[5351, 8, 13, 15, 22, 0, 57, 17, 76, 1], [0, 5996, 233, 94, 8, 35, 40, 203, 22, 24], [20, 41, 5591, 12, 1, 0, 7, 191, 24, 1], [1, 16, 29, 5412, 1, 17, 2, 305, 21, 15], [19, 98, 43, 0, 5168, 0, 85, 8, 26, 275], [8, 12, 7, 306, 5, 5018, 54, 25, 67, 37], [80, 49, 36, 23, 65, 45, 5434, 0, 123, 3], [0, 72, 45, 3, 53, 1, 0, 5880, 22, 21], [80, 65, 37, 4, 50, 32, 60, 55, 4921, 391], [28, 34, 11, 98, 62, 8, 17, 99, 25, 5431]]"
LinDisc,9000,0.19,92.37,"[[5352, 13, 11, 16, 20, 0, 50, 17, 79, 2], [0, 5982, 205, 92, 8, 21, 42, 234, 31, 40], [20, 37, 5595, 12, 1, 0, 11, 186, 25, 1], [1, 12, 31, 5436, 1, 18, 2, 277, 21, 20], [25, 88, 47, 0, 5143, 0, 87, 7, 31, 294], [9, 11, 6, 340, 5, 4970, 56, 26, 69, 47], [84, 46, 37, 28, 74, 37, 5419, 0, 130, 3], [0, 60, 48, 4, 52, 1, 0, 5880, 28, 24], [87, 56, 39, 4, 50, 27, 56, 52, 4958, 366], [35, 31, 9, 88, 61, 6, 18, 96, 32, 5437]]"
LinDisc,17000,0.22,92.31,"[[5338, 11, 11, 15, 22, 0, 57, 17, 87, 2], [0, 5952, 235, 94, 8, 35, 42, 233, 29, 27], [21, 44, 5568, 12, 1, 0, 13, 201, 27, 1], [1, 15, 29, 5425, 1, 17, 1, 289, 23, 18], [22, 79, 42, 0, 5179, 0, 88, 7, 31, 274], [10, 10, 8, 308, 6, 5000, 55, 28, 73, 41], [84, 45, 37, 24, 70, 38, 5420, 0, 138, 2], [0, 59, 48, 3, 50, 1, 0, 5889, 23, 24], [79, 59, 36, 6, 57, 29, 58, 57, 4935, 379], [33, 31, 9, 86, 69, 7, 17, 100, 28, 5433]]"
LinDisc,14000,0.21,92.2,"[[5339, 9, 13, 17, 23, 0, 60, 17, 80, 2], [0, 5964, 247, 95, 8, 36, 46, 213, 21, 25], [20, 39, 5590, 12, 1, 0, 10, 189, 27, 0], [1, 16, 29, 5398, 0, 17, 2, 319, 23, 14], [21, 99, 48, 0, 5137, 0, 84, 9, 32, 292], [8, 11, 10, 307, 6, 5010, 56, 26, 67, 38], [82, 50, 36, 23, 69, 44, 5435, 0, 116, 3], [0, 71, 45, 3, 49, 1, 0, 5883, 25, 20], [85, 67, 36, 4, 48, 33, 69, 59, 4900, 394], [30, 33, 12, 104, 62, 7, 17, 105, 25, 5418]]"
LinDisc,16000,0.22,92.11,"[[5329, 9, 14, 16, 24, 0, 60, 18, 88, 2], [0, 5940, 258, 86, 8, 32, 43, 230, 30, 28], [20, 42, 5586, 12, 1, 0, 12, 187, 27, 1], [1, 18, 30, 5407, 0, 17, 2, 304, 22, 18], [21, 95, 45, 0, 5141, 0, 89, 8, 31, 292], [9, 12, 9, 314, 5, 4995, 55, 28, 71, 41], [84, 45, 36, 26, 70, 42, 5412, 0, 141, 2], [0, 66, 45, 3, 48, 1, 0, 5885, 25, 24], [82, 64, 35, 5, 52, 29, 61, 63, 4893, 411], [32, 33, 11, 95, 61, 6, 18, 102, 27, 5428]]"
LinDisc,15000,0.22,92.08,"[[5335, 9, 14, 18, 24, 0, 59, 17, 81, 3], [0, 5945, 265, 91, 7, 36, 47, 216, 20, 28], [21, 41, 5581, 12, 1, 0, 13, 192, 27, 0], [1, 18, 30, 5397, 0, 17, 2, 314, 24, 16], [21, 97, 46, 0, 5146, 0, 85, 6, 34, 287], [8, 12, 10, 314, 5, 4996, 58, 28, 71, 37], [83, 47, 35, 25, 70, 46, 5422, 0, 128, 2], [0, 73, 43, 3, 52, 1, 0, 5871, 29, 25], [90, 62, 35, 6, 51, 32, 64, 63, 4888, 404], [32, 32, 11, 102, 61, 7, 18, 100, 28, 5422]]"
LinDisc,8000,0.17,92.08,"[[5333, 14, 13, 15, 19, 0, 62, 19, 83, 2], [0, 5940, 218, 97, 8, 34, 44, 246, 26, 42], [21, 38, 5568, 13, 1, 0, 14, 206, 26, 1], [1, 14, 30, 5405, 1, 20, 2, 302, 22, 22], [21, 90, 51, 0, 5133, 0, 88, 6, 32, 301], [8, 10, 8, 326, 5, 4970, 63, 34, 71, 44], [81, 42, 38, 34, 77, 34, 5438, 0, 113, 1], [0, 59, 42, 3, 49, 1, 0, 5894, 25, 24], [81, 59, 42, 6, 56, 28, 70, 56, 4885, 412], [31, 34, 9, 79, 70, 7, 20, 96, 34, 5433]]"
KNN euclidean,6000,3.28,92.05,"[[5436, 5, 1, 22, 6, 1, 57, 3, 29, 0], [2, 5958, 170, 129, 58, 4, 82, 76, 114, 62], [20, 14, 5448, 300, 6, 2, 19, 50, 26, 3], [6, 7, 19, 5595, 6, 36, 3, 109, 20, 18], [13, 9, 26, 4, 5309, 0, 157, 25, 13, 166], [7, 6, 8, 578, 36, 4612, 52, 33, 135, 72], [42, 17, 3, 0, 11, 101, 5579, 0, 105, 0], [1, 23, 56, 103, 78, 1, 1, 5732, 21, 81], [55, 50, 43, 124, 51, 20, 63, 36, 5075, 178], [13, 15, 13, 157, 160, 5, 7, 174, 32, 5237]]"
KNN minkowski,6000,1.05,92.05,"[[5436, 5, 1, 22, 6, 1, 57, 3, 29, 0], [2, 5958, 170, 129, 58, 4, 82, 76, 114, 62], [20, 14, 5448, 300, 6, 2, 19, 50, 26, 3], [6, 7, 19, 5595, 6, 36, 3, 109, 20, 18], [13, 9, 26, 4, 5309, 0, 157, 25, 13, 166], [7, 6, 8, 578, 36, 4612, 52, 33, 135, 72], [42, 17, 3, 0, 11, 101, 5579, 0, 105, 0], [1, 23, 56, 103, 78, 1, 1, 5732, 21, 81], [55, 50, 43, 124, 51, 20, 63, 36, 5075, 178], [13, 15, 13, 157, 160, 5, 7, 174, 32, 5237]]"
KNN manhattan,5000,8.43,91.54,"[[5460, 5, 0, 24, 7, 2, 48, 5, 9, 0], [0, 6116, 175, 34, 35, 4, 95, 61, 70, 65], [20, 22, 5569, 117, 4, 1, 33, 109, 10, 3], [4, 10, 26, 5584, 5, 27, 2, 122, 20, 19], [33, 15, 17, 1, 5177, 0, 129, 22, 8, 320], [13, 12, 16, 520, 28, 4720, 63, 41, 64, 62], [63, 25, 0, 0, 11, 73, 5633, 0, 53, 0], [0, 25, 72, 136, 277, 1, 0, 5284, 31, 271], [211, 66, 33, 74, 78, 20, 86, 40, 4872, 215], [17, 18, 27, 142, 139, 3, 11, 159, 30, 5267]]"
KNN manhattan,4000,6.63,91.27,"[[5381, 5, 3, 74, 20, 3, 62, 2, 9, 1], [0, 6185, 172, 35, 29, 2, 90, 75, 51, 16], [20, 24, 5581, 95, 4, 1, 35, 114, 10, 4], [5, 11, 26, 5532, 4, 28, 2, 169, 19, 23], [31, 21, 20, 0, 5123, 0, 129, 28, 9, 361], [12, 12, 14, 530, 25, 4725, 58, 46, 57, 60], [52, 27, 0, 0, 16, 65, 5656, 0, 42, 0], [0, 32, 74, 114, 259, 1, 1, 5322, 41, 253], [211, 82, 32, 59, 82, 22, 88, 42, 4870, 207], [15, 25, 33, 129, 187, 3, 8, 230, 34, 5149]]"
LinDisc,7000,0.16,91.24,"[[5313, 12, 14, 16, 27, 0, 61, 22, 93, 2], [0, 5713, 274, 92, 7, 52, 71, 341, 45, 60], [21, 40, 5530, 10, 1, 0, 22, 235, 28, 1], [1, 16, 30, 5326, 0, 26, 2, 371, 25, 22], [22, 85, 44, 0, 5114, 0, 87, 9, 37, 324], [9, 9, 12, 291, 4, 4988, 59, 40, 87, 40], [107, 46, 36, 29, 120, 43, 5330, 0, 147, 0], [0, 56, 40, 2, 46, 1, 0, 5910, 22, 20], [84, 54, 36, 5, 65, 33, 67, 68, 4866, 417], [30, 33, 9, 81, 75, 6, 19, 104, 35, 5421]]"
KNN manhattan,3000,4.98,91.18,"[[5415, 5, 4, 33, 18, 6, 64, 1, 12, 2], [1, 6190, 162, 45, 39, 5, 83, 58, 46, 26], [21, 28, 5545, 127, 4, 1, 21, 130, 9, 2], [7, 11, 30, 5469, 2, 38, 2, 205, 29, 26], [45, 23, 15, 0, 5195, 0, 124, 18, 4, 298], [11, 12, 13, 550, 33, 4716, 62, 37, 49, 56], [57, 28, 0, 0, 14, 66, 5657, 0, 35, 1], [1, 34, 81, 130, 215, 0, 0, 5309, 12, 315], [200, 96, 30, 56, 92, 28, 87, 41, 4807, 258], [16, 27, 39, 116, 218, 5, 10, 180, 31, 5171]]"
LogReg,20000,0.5,91.14,"[[5377, 5, 18, 12, 15, 4, 71, 6, 51, 1], [1, 5581, 121, 269, 205, 78, 182, 72, 72, 74], [22, 19, 5585, 90, 12, 1, 33, 82, 43, 1], [4, 3, 40, 5591, 15, 39, 1, 75, 21, 30], [37, 8, 28, 0, 5311, 2, 106, 41, 9, 180], [6, 12, 27, 494, 80, 4724, 49, 22, 73, 52], [86, 26, 0, 0, 20, 96, 5519, 0, 111, 0], [0, 40, 40, 121, 168, 2, 0, 5603, 15, 108], [81, 43, 47, 53, 84, 46, 57, 55, 5000, 229], [56, 23, 8, 143, 252, 0, 4, 149, 17, 5161]]"
LogReg,19000,0.47,90.93,"[[5375, 5, 19, 13, 15, 4, 73, 6, 49, 1], [1, 5536, 120, 280, 225, 71, 193, 82, 73, 74], [21, 18, 5585, 88, 11, 1, 36, 84, 43, 1], [4, 3, 40, 5581, 15, 40, 1, 85, 20, 30], [36, 7, 28, 1, 5318, 1, 110, 41, 7, 173], [6, 12, 23, 517, 87, 4689, 51, 22, 75, 57], [88, 26, 0, 1, 23, 91, 5515, 0, 114, 0], [0, 40, 37, 119, 173, 2, 0, 5601, 15, 110], [83, 41, 50, 51, 90, 45, 59, 61, 4982, 233], [57, 22, 8, 142, 264, 0, 4, 154, 17, 5145]]"
LogReg,18000,0.49,90.83,"[[5359, 5, 21, 15, 16, 6, 81, 6, 50, 1], [1, 5536, 124, 274, 206, 73, 203, 82, 79, 77], [21, 18, 5569, 90, 11, 1, 38, 92, 47, 1], [4, 3, 39, 5574, 15, 40, 1, 89, 20, 34], [36, 8, 29, 1, 5316, 1, 110, 39, 6, 176], [6, 10, 23, 513, 92, 4690, 51, 22, 74, 58], [85, 24, 0, 1, 23, 93, 5524, 0, 108, 0], [0, 41, 34, 112, 169, 2, 0, 5606, 16, 117], [89, 42, 49, 54, 93, 44, 60, 63, 4949, 252], [55, 23, 9, 137, 267, 0, 4, 156, 14, 5148]]"
LogReg,17000,0.44,90.48,"[[5331, 5, 20, 22, 16, 6, 96, 6, 57, 1], [0, 5416, 131, 274, 270, 75, 221, 98, 93, 77], [19, 18, 5551, 92, 11, 1, 44, 99, 52, 1], [4, 3, 40, 5551, 22, 39, 1, 106, 21, 32], [35, 7, 28, 1, 5313, 1, 114, 42, 6, 175], [6, 10, 26, 512, 98, 4675, 50, 29, 77, 56], [84, 24, 0, 1, 29, 96, 5509, 0, 115, 0], [0, 41, 32, 106, 167, 2, 0, 5628, 16, 105], [88, 42, 47, 49, 95, 45, 58, 66, 4963, 242], [57, 23, 8, 140, 277, 0, 4, 162, 17, 5125]]"
LinDisc,6000,0.2,90.25,"[[5260, 14, 13, 23, 36, 1, 75, 22, 115, 1], [0, 5642, 337, 86, 5, 46, 91, 322, 50, 76], [20, 38, 5528, 9, 1, 0, 23, 236, 32, 1], [2, 26, 34, 5224, 0, 24, 3, 463, 23, 20], [20, 141, 41, 0, 4934, 0, 92, 12, 60, 422], [10, 19, 13, 295, 3, 4960, 62, 47, 89, 41], [112, 42, 36, 30, 123, 51, 5296, 0, 166, 2], [0, 66, 40, 2, 31, 1, 0, 5903, 31, 23], [86, 66, 34, 5, 57, 28, 83, 71, 4766, 499], [28, 32, 9, 108, 50, 1, 22, 112, 35, 5416]]"
LogReg,16000,0.4,90.11,"[[5307, 5, 21, 33, 16, 6, 105, 6, 60, 1], [1, 5358, 142, 294, 251, 79, 248, 83, 94, 105], [19, 18, 5552, 92, 10, 1, 45, 96, 53, 2], [4, 5, 40, 5549, 21, 39, 1, 108, 20, 32], [35, 7, 29, 1, 5298, 1, 116, 43, 8, 184], [7, 10, 24, 533, 97, 4653, 54, 31, 74, 56], [82, 24, 0, 1, 24, 111, 5488, 0, 128, 0], [0, 42, 34, 109, 161, 2, 0, 5598, 16, 135], [92, 43, 49, 57, 93, 45, 66, 72, 4901, 277], [52, 24, 9, 144, 262, 0, 4, 166, 13, 5139]]"
LogReg,13000,0.33,89.91,"[[5305, 5, 22, 34, 17, 6, 108, 7, 55, 1], [2, 5424, 127, 297, 236, 80, 255, 70, 73, 91], [21, 18, 5553, 103, 12, 1, 40, 95, 43, 2], [5, 4, 39, 5554, 21, 44, 2, 100, 19, 31], [34, 8, 27, 1, 5298, 2, 121, 42, 6, 183], [7, 11, 28, 592, 98, 4608, 54, 29, 70, 42], [78, 28, 0, 1, 24, 120, 5494, 0, 113, 0], [0, 42, 35, 125, 172, 3, 0, 5534, 13, 173], [103, 45, 53, 55, 100, 52, 71, 74, 4860, 282], [56, 23, 8, 156, 292, 0, 5, 164, 12, 5097]]"
LogReg,14000,0.38,89.8,"[[5297, 5, 22, 36, 18, 6, 112, 7, 56, 1], [2, 5369, 134, 296, 254, 92, 260, 72, 72, 104], [19, 18, 5557, 94, 11, 1, 47, 88, 51, 2], [5, 5, 41, 5548, 23, 42, 2, 104, 17, 32], [34, 8, 27, 1, 5296, 2, 113, 44, 8, 189], [7, 10, 26, 578, 101, 4616, 55, 36, 70, 40], [76, 25, 0, 1, 28, 124, 5502, 0, 102, 0], [0, 42, 34, 124, 168, 3, 0, 5528, 17, 181], [109, 44, 53, 58, 102, 49, 73, 74, 4846, 287], [54, 24, 9, 154, 276, 0, 4, 171, 14, 5107]]"
LogReg,15000,0.37,89.78,"[[5307, 5, 22, 34, 17, 6, 109, 6, 53, 1], [2, 5348, 143, 297, 262, 88, 255, 68, 80, 112], [21, 18, 5550, 90, 10, 1, 49, 97, 50, 2], [5, 5, 42, 5554, 22, 40, 2, 102, 17, 30], [34, 6, 28, 1, 5296, 2, 120, 42, 7, 186], [7, 10, 26, 577, 105, 4608, 57, 35, 70, 44], [81, 22, 0, 1, 29, 118, 5482, 0, 125, 0], [0, 42, 34, 120, 177, 3, 0, 5528, 14, 179], [115, 42, 52, 60, 101, 45, 70, 72, 4864, 274], [54, 24, 9, 154, 276, 0, 4, 162, 13, 5117]]"
KNN minkowski,5000,0.9,89.77,"[[5423, 5, 0, 30, 9, 2, 65, 2, 24, 0], [5, 5751, 188, 123, 43, 7, 184, 72, 184, 98], [18, 16, 5427, 306, 4, 2, 26, 62, 24, 3], [6, 7, 23, 5564, 8, 43, 4, 112, 20, 32], [14, 11, 37, 3, 5217, 0, 152, 21, 14, 253], [10, 10, 9, 619, 46, 4538, 59, 41, 128, 79], [41, 17, 3, 1, 16, 94, 5600, 0, 86, 0], [1, 23, 59, 172, 182, 1, 1, 5065, 46, 547], [152, 60, 49, 157, 72, 26, 87, 42, 4871, 179], [12, 15, 14, 214, 145, 2, 8, 180, 30, 5193]]"
KNN euclidean,5000,3.14,89.77,"[[5423, 5, 0, 30, 9, 2, 65, 2, 24, 0], [5, 5751, 188, 123, 43, 7, 184, 72, 184, 98], [18, 16, 5427, 306, 4, 2, 26, 62, 24, 3], [6, 7, 23, 5564, 8, 43, 4, 112, 20, 32], [14, 11, 37, 3, 5217, 0, 152, 21, 14, 253], [10, 10, 9, 619, 46, 4538, 59, 41, 128, 79], [41, 17, 3, 1, 16, 94, 5600, 0, 86, 0], [1, 23, 59, 172, 182, 1, 1, 5065, 46, 547], [152, 60, 49, 157, 72, 26, 87, 42, 4871, 179], [12, 15, 14, 214, 145, 2, 8, 180, 30, 5193]]"
KNN manhattan,2000,3.4,89.63,"[[5406, 3, 5, 30, 13, 2, 88, 0, 6, 7], [1, 5957, 154, 73, 46, 5, 103, 107, 54, 155], [23, 13, 5570, 105, 3, 1, 16, 145, 8, 4], [7, 6, 34, 5455, 0, 36, 2, 224, 24, 31], [53, 14, 24, 1, 5191, 0, 134, 12, 4, 289], [12, 8, 15, 902, 35, 4349, 77, 22, 58, 61], [69, 29, 1, 1, 15, 63, 5626, 0, 53, 1], [0, 19, 89, 131, 209, 1, 0, 5232, 12, 404], [248, 55, 38, 95, 94, 29, 102, 57, 4621, 356], [35, 28, 8, 166, 244, 2, 10, 141, 24, 5155]]"
LogReg,10000,0.29,89.62,"[[5296, 5, 27, 32, 16, 5, 118, 7, 53, 1], [0, 5404, 135, 265, 245, 65, 270, 68, 65, 138], [22, 19, 5544, 100, 12, 1, 50, 91, 47, 2], [5, 5, 43, 5568, 21, 42, 2, 83, 17, 33], [33, 7, 26, 1, 5302, 1, 121, 42, 8, 181], [7, 11, 31, 657, 103, 4526, 64, 25, 66, 49], [75, 31, 0, 1, 21, 112, 5498, 0, 120, 0], [0, 42, 35, 123, 182, 2, 0, 5521, 16, 176], [107, 52, 56, 64, 101, 47, 76, 78, 4791, 323], [55, 25, 8, 154, 278, 0, 5, 164, 16, 5108]]"
LogReg,12000,0.32,89.6,"[[5301, 5, 24, 36, 16, 6, 112, 7, 52, 1], [1, 5318, 130, 340, 265, 68, 269, 67, 81, 116], [21, 19, 5559, 108, 11, 1, 38, 87, 42, 2], [5, 5, 40, 5573, 19, 42, 2, 83, 17, 33], [34, 6, 25, 1, 5299, 2, 126, 41, 7, 181], [7, 10, 29, 633, 96, 4565, 57, 26, 69, 47], [79, 28, 1, 2, 21, 116, 5496, 0, 115, 0], [0, 42, 36, 126, 168, 2, 0, 5513, 15, 195], [105, 47, 54, 66, 100, 50, 72, 74, 4814, 313], [56, 25, 8, 159, 282, 0, 5, 159, 12, 5107]]"
LogReg,11000,0.31,89.52,"[[5300, 5, 26, 34, 16, 6, 112, 7, 53, 1], [1, 5310, 145, 316, 274, 65, 269, 71, 88, 116], [22, 19, 5562, 99, 10, 1, 42, 86, 45, 2], [5, 5, 43, 5562, 21, 43, 2, 87, 17, 34], [35, 5, 26, 1, 5296, 2, 126, 43, 8, 180], [7, 10, 30, 633, 101, 4560, 60, 27, 68, 43], [78, 28, 1, 1, 22, 113, 5500, 0, 115, 0], [0, 42, 36, 122, 178, 2, 0, 5522, 16, 179], [108, 50, 55, 69, 103, 51, 76, 78, 4791, 314], [56, 25, 8, 157, 288, 0, 5, 161, 14, 5099]]"
KNN minkowski,4000,0.78,89.38,"[[5323, 3, 7, 89, 21, 3, 82, 3, 29, 0], [18, 5781, 179, 131, 32, 10, 216, 92, 149, 47], [19, 21, 5442, 270, 5, 3, 29, 72, 25, 2], [4, 7, 24, 5518, 6, 44, 3, 165, 21, 27], [16, 20, 38, 3, 5152, 0, 148, 34, 13, 298], [13, 11, 21, 626, 49, 4570, 46, 39, 88, 76], [38, 27, 2, 2, 18, 99, 5609, 0, 63, 0], [1, 27, 60, 168, 174, 1, 1, 5093, 59, 513], [148, 77, 54, 146, 74, 30, 81, 42, 4862, 181], [12, 25, 14, 217, 156, 7, 5, 275, 32, 5070]]"
KNN euclidean,4000,2.98,89.38,"[[5323, 3, 7, 89, 21, 3, 82, 3, 29, 0], [18, 5781, 179, 131, 32, 10, 216, 92, 149, 47], [19, 21, 5442, 270, 5, 3, 29, 72, 25, 2], [4, 7, 24, 5518, 6, 44, 3, 165, 21, 27], [16, 20, 38, 3, 5152, 0, 148, 34, 13, 298], [13, 11, 21, 626, 49, 4570, 46, 39, 88, 76], [38, 27, 2, 2, 18, 99, 5609, 0, 63, 0], [1, 27, 60, 168, 174, 1, 1, 5093, 59, 513], [148, 77, 54, 146, 74, 30, 81, 42, 4862, 181], [12, 25, 14, 217, 156, 7, 5, 275, 32, 5070]]"
LinDisc,3000,0.14,89.35,"[[5228, 21, 23, 32, 44, 3, 76, 12, 120, 1], [1, 5678, 224, 125, 5, 89, 133, 289, 79, 32], [16, 43, 5383, 17, 2, 1, 22, 385, 18, 1], [5, 37, 35, 5032, 1, 19, 3, 653, 20, 14], [12, 317, 45, 0, 4899, 0, 73, 21, 19, 336], [9, 32, 8, 262, 4, 5050, 57, 36, 55, 26], [98, 52, 29, 15, 133, 81, 5347, 0, 100, 3], [0, 139, 40, 4, 32, 1, 0, 5832, 23, 26], [92, 115, 38, 14, 46, 80, 117, 52, 4638, 503], [12, 57, 6, 135, 46, 33, 18, 165, 25, 5316]]"
LinDisc,5000,0.16,89.05,"[[5240, 11, 14, 43, 40, 1, 89, 17, 104, 1], [0, 5413, 475, 107, 9, 81, 133, 304, 68, 65], [19, 48, 5422, 9, 1, 0, 29, 327, 32, 1], [4, 30, 41, 5118, 0, 27, 5, 557, 20, 17], [21, 177, 45, 0, 4895, 0, 88, 9, 60, 427], [10, 20, 17, 289, 3, 4978, 80, 40, 72, 30], [105, 38, 31, 20, 155, 77, 5311, 0, 120, 1], [0, 119, 44, 1, 35, 1, 0, 5836, 35, 26], [132, 72, 36, 9, 68, 44, 129, 70, 4650, 485], [26, 39, 11, 135, 58, 8, 20, 111, 42, 5363]]"
KNN euclidean,3000,2.88,89.01,"[[5367, 3, 7, 34, 17, 16, 74, 1, 38, 3], [16, 5756, 186, 159, 44, 6, 208, 66, 140, 74], [18, 20, 5345, 375, 8, 2, 24, 79, 16, 1], [5, 6, 29, 5443, 5, 57, 4, 210, 30, 30], [17, 19, 37, 3, 5200, 0, 148, 28, 6, 264], [12, 13, 14, 645, 62, 4550, 50, 35, 79, 79], [39, 29, 4, 1, 17, 104, 5604, 0, 60, 0], [2, 26, 71, 179, 120, 1, 1, 5036, 16, 645], [136, 90, 44, 140, 80, 36, 88, 43, 4813, 225], [12, 26, 18, 215, 175, 7, 6, 238, 29, 5087]]"
KNN minkowski,3000,0.57,89.01,"[[5367, 3, 7, 34, 17, 16, 74, 1, 38, 3], [16, 5756, 186, 159, 44, 6, 208, 66, 140, 74], [18, 20, 5345, 375, 8, 2, 24, 79, 16, 1], [5, 6, 29, 5443, 5, 57, 4, 210, 30, 30], [17, 19, 37, 3, 5200, 0, 148, 28, 6, 264], [12, 13, 14, 645, 62, 4550, 50, 35, 79, 79], [39, 29, 4, 1, 17, 104, 5604, 0, 60, 0], [2, 26, 71, 179, 120, 1, 1, 5036, 16, 645], [136, 90, 44, 140, 80, 36, 88, 43, 4813, 225], [12, 26, 18, 215, 175, 7, 6, 238, 29, 5087]]"
Gauss,20000,0.6,88.91,"[[5220, 1, 11, 32, 2, 1, 41, 0, 251, 1], [1, 5184, 583, 238, 86, 22, 85, 340, 80, 36], [9, 24, 5289, 447, 4, 1, 8, 52, 53, 1], [2, 1, 212, 5390, 1, 33, 0, 127, 31, 22], [14, 2, 44, 12, 5273, 0, 32, 44, 90, 211], [9, 6, 29, 103, 31, 4958, 46, 2, 169, 186], [78, 7, 89, 8, 15, 90, 5286, 0, 285, 0], [1, 47, 175, 426, 21, 1, 1, 5323, 60, 42], [175, 5, 53, 182, 23, 7, 38, 13, 5112, 87], [25, 5, 62, 151, 221, 4, 0, 55, 184, 5106]]"
Gauss,10000,0.55,88.91,"[[5220, 1, 11, 32, 2, 1, 41, 0, 251, 1], [1, 5184, 583, 238, 86, 22, 85, 340, 80, 36], [9, 24, 5289, 447, 4, 1, 8, 52, 53, 1], [2, 1, 212, 5390, 1, 33, 0, 127, 31, 22], [14, 2, 44, 12, 5273, 0, 32, 44, 90, 211], [9, 6, 29, 103, 31, 4958, 46, 2, 169, 186], [78, 7, 89, 8, 15, 90, 5286, 0, 285, 0], [1, 47, 175, 426, 21, 1, 1, 5323, 60, 42], [175, 5, 53, 182, 23, 7, 38, 13, 5112, 87], [25, 5, 62, 151, 221, 4, 0, 55, 184, 5106]]"
Gauss,13000,0.59,88.87,"[[5198, 1, 11, 32, 4, 1, 46, 0, 266, 1], [1, 5192, 564, 266, 87, 21, 101, 313, 73, 37], [8, 24, 5291, 436, 6, 1, 11, 56, 55, 0], [2, 1, 227, 5368, 2, 30, 0, 135, 31, 23], [11, 3, 51, 12, 5243, 0, 39, 45, 91, 227], [7, 6, 32, 103, 32, 4963, 48, 2, 161, 185], [67, 7, 88, 4, 16, 96, 5330, 0, 250, 0], [3, 49, 182, 441, 21, 0, 1, 5306, 56, 38], [179, 4, 56, 171, 21, 12, 41, 13, 5108, 90], [23, 3, 69, 150, 204, 5, 0, 59, 180, 5120]]"
LogReg,9000,0.27,88.86,"[[5275, 5, 26, 39, 18, 5, 123, 7, 61, 1], [1, 5237, 137, 283, 275, 58, 294, 98, 103, 169], [22, 19, 5531, 96, 11, 1, 50, 111, 45, 2], [5, 5, 39, 5537, 19, 41, 2, 120, 15, 36], [37, 8, 25, 1, 5300, 1, 129, 40, 7, 174], [7, 10, 30, 744, 127, 4386, 76, 29, 68, 62], [84, 32, 1, 1, 23, 106, 5485, 0, 126, 0], [0, 41, 31, 117, 194, 2, 0, 5507, 16, 189], [117, 51, 56, 59, 107, 43, 78, 83, 4777, 324], [56, 24, 8, 151, 304, 0, 5, 172, 14, 5079]]"
Gauss,19000,0.58,88.85,"[[5224, 1, 10, 32, 2, 1, 43, 0, 246, 1], [1, 5179, 576, 232, 85, 23, 88, 356, 80, 35], [9, 24, 5269, 459, 6, 1, 10, 56, 53, 1], [2, 1, 206, 5390, 1, 32, 0, 134, 31, 22], [15, 2, 52, 12, 5251, 1, 32, 47, 89, 221], [9, 6, 28, 106, 32, 4942, 46, 2, 170, 198], [79, 7, 90, 7, 16, 88, 5297, 0, 274, 0], [1, 45, 171, 421, 22, 1, 1, 5333, 61, 41], [172, 3, 50, 185, 24, 7, 38, 13, 5114, 89], [26, 5, 52, 158, 219, 4, 0, 54, 186, 5109]]"
Gauss,18000,0.59,88.81,"[[5220, 1, 9, 33, 2, 1, 45, 0, 248, 1], [1, 5170, 561, 238, 86, 22, 98, 363, 79, 37], [9, 24, 5244, 479, 6, 1, 11, 61, 52, 1], [2, 1, 219, 5369, 2, 32, 0, 136, 33, 25], [14, 2, 50, 11, 5247, 1, 33, 48, 93, 223], [9, 6, 26, 103, 34, 4945, 46, 2, 174, 194], [77, 7, 90, 7, 17, 88, 5304, 0, 268, 0], [1, 44, 159, 412, 22, 1, 1, 5353, 61, 43], [174, 3, 52, 179, 24, 6, 42, 14, 5111, 90], [30, 3, 60, 145, 204, 5, 0, 56, 192, 5118]]"
Gauss,9000,0.57,88.74,"[[5212, 1, 10, 32, 2, 1, 44, 0, 257, 1], [1, 5175, 565, 213, 88, 16, 82, 383, 98, 34], [14, 22, 5255, 464, 7, 1, 13, 65, 44, 3], [1, 1, 196, 5391, 2, 29, 0, 139, 35, 25], [14, 2, 66, 10, 5220, 3, 33, 45, 104, 225], [9, 6, 30, 108, 36, 4896, 46, 2, 187, 219], [78, 7, 94, 6, 14, 84, 5289, 0, 286, 0], [1, 40, 170, 406, 21, 1, 1, 5341, 73, 43], [148, 3, 47, 175, 26, 11, 38, 13, 5157, 77], [28, 3, 44, 155, 221, 4, 1, 54, 199, 5104]]"
Gauss,11000,0.56,88.74,"[[5210, 1, 13, 37, 2, 1, 41, 0, 254, 1], [2, 5129, 632, 250, 82, 20, 101, 327, 72, 40], [9, 23, 5312, 425, 5, 1, 8, 51, 53, 1], [2, 1, 221, 5380, 2, 31, 0, 134, 26, 22], [14, 2, 59, 14, 5250, 0, 33, 46, 93, 211], [10, 6, 34, 105, 37, 4957, 44, 2, 165, 179], [74, 7, 98, 5, 17, 91, 5285, 0, 281, 0], [1, 51, 187, 433, 20, 1, 1, 5306, 55, 42], [180, 4, 57, 184, 20, 8, 38, 13, 5106, 85], [27, 3, 69, 147, 223, 6, 0, 52, 178, 5108]]"
Gauss,12000,0.56,88.64,"[[5211, 1, 11, 34, 2, 1, 38, 0, 261, 1], [1, 5097, 619, 301, 81, 21, 105, 311, 77, 42], [9, 23, 5295, 442, 3, 1, 8, 55, 52, 0], [2, 1, 209, 5390, 2, 31, 0, 136, 26, 22], [13, 2, 57, 15, 5238, 0, 37, 46, 88, 226], [9, 7, 32, 104, 32, 4952, 44, 2, 170, 187], [73, 7, 96, 6, 17, 95, 5268, 0, 296, 0], [2, 48, 182, 435, 20, 1, 1, 5312, 54, 42], [182, 4, 52, 193, 20, 10, 38, 13, 5096, 87], [25, 2, 63, 159, 206, 5, 0, 51, 178, 5124]]"
Gauss,17000,0.59,88.64,"[[5221, 1, 9, 35, 4, 1, 41, 0, 247, 1], [1, 5084, 618, 238, 90, 23, 95, 384, 85, 37], [9, 24, 5226, 496, 6, 1, 9, 66, 51, 0], [2, 1, 228, 5352, 2, 32, 0, 147, 33, 22], [13, 2, 48, 10, 5263, 1, 35, 50, 86, 214], [8, 6, 30, 101, 39, 4943, 47, 2, 179, 184], [78, 7, 89, 5, 18, 87, 5312, 0, 262, 0], [1, 42, 155, 394, 22, 1, 1, 5383, 60, 38], [178, 4, 54, 187, 26, 6, 43, 14, 5096, 87], [35, 3, 62, 147, 212, 4, 0, 60, 184, 5106]]"
Gauss,16000,0.59,88.59,"[[5213, 1, 10, 36, 4, 1, 43, 0, 251, 1], [2, 5115, 600, 258, 86, 22, 90, 347, 91, 44], [9, 25, 5226, 503, 6, 1, 10, 61, 47, 0], [2, 1, 232, 5356, 2, 30, 0, 146, 28, 22], [13, 2, 47, 13, 5253, 1, 36, 50, 85, 222], [7, 6, 33, 102, 23, 4949, 45, 3, 166, 205], [72, 7, 90, 5, 20, 97, 5303, 0, 264, 0], [2, 49, 177, 414, 22, 1, 1, 5338, 51, 42], [180, 4, 50, 200, 24, 8, 41, 14, 5087, 87], [34, 3, 63, 155, 203, 5, 0, 61, 175, 5114]]"
Gauss,14000,0.57,88.55,"[[5194, 1, 10, 41, 5, 1, 46, 0, 261, 1], [1, 5147, 592, 276, 86, 23, 89, 313, 90, 38], [9, 23, 5216, 513, 7, 1, 12, 54, 53, 0], [2, 1, 234, 5358, 2, 30, 0, 140, 29, 23], [8, 2, 50, 15, 5246, 0, 38, 45, 87, 231], [7, 6, 35, 103, 31, 4959, 45, 2, 164, 187], [67, 7, 92, 5, 20, 99, 5309, 0, 259, 0], [3, 48, 179, 441, 22, 1, 1, 5307, 57, 38], [183, 4, 51, 197, 22, 13, 43, 13, 5082, 87], [22, 3, 72, 154, 199, 5, 0, 63, 184, 5111]]"
LinDisc,4000,0.14,88.54,"[[5080, 16, 16, 46, 43, 6, 81, 15, 256, 1], [0, 5503, 355, 108, 4, 87, 163, 313, 69, 53], [13, 43, 5432, 10, 0, 1, 33, 329, 27, 0], [4, 36, 41, 5022, 1, 27, 3, 654, 18, 13], [15, 290, 52, 0, 4804, 1, 88, 28, 37, 407], [10, 32, 12, 285, 3, 4994, 72, 49, 58, 24], [91, 48, 31, 13, 148, 72, 5363, 0, 89, 3], [0, 131, 44, 3, 28, 1, 0, 5831, 34, 25], [115, 98, 36, 11, 48, 64, 150, 65, 4655, 453], [19, 49, 10, 138, 37, 14, 23, 251, 33, 5239]]"
Gauss,15000,0.57,88.44,"[[5238, 1, 10, 42, 4, 1, 46, 0, 217, 1], [1, 5091, 620, 276, 84, 20, 90, 334, 92, 47], [9, 23, 5213, 511, 7, 1, 12, 61, 51, 0], [2, 1, 240, 5352, 2, 29, 0, 143, 27, 23], [12, 2, 45, 13, 5230, 1, 39, 49, 91, 240], [7, 6, 34, 102, 26, 4961, 48, 3, 158, 194], [71, 7, 91, 5, 19, 97, 5294, 0, 274, 0], [2, 52, 175, 455, 23, 0, 1, 5296, 52, 41], [185, 4, 61, 194, 21, 12, 44, 14, 5069, 91], [38, 3, 72, 149, 186, 5, 0, 62, 174, 5124]]"
Gauss,8000,0.56,88.25,"[[5209, 1, 9, 31, 3, 1, 51, 0, 254, 1], [1, 5138, 543, 236, 91, 20, 101, 403, 86, 36], [14, 19, 5170, 540, 10, 1, 15, 71, 46, 2], [1, 1, 268, 5304, 2, 31, 0, 146, 37, 29], [14, 2, 67, 9, 5204, 1, 31, 50, 111, 233], [10, 6, 31, 93, 55, 4776, 45, 2, 238, 283], [71, 7, 95, 6, 15, 81, 5309, 0, 274, 0], [1, 33, 149, 398, 22, 0, 1, 5376, 75, 42], [146, 3, 49, 171, 25, 7, 41, 12, 5167, 74], [29, 3, 58, 135, 195, 5, 2, 64, 221, 5101]]"
LogReg,8000,0.22,88.05,"[[5208, 5, 31, 53, 20, 9, 160, 9, 64, 1], [1, 5114, 158, 287, 288, 60, 360, 115, 93, 179], [21, 18, 5490, 99, 11, 1, 65, 129, 52, 2], [5, 5, 39, 5493, 22, 41, 4, 149, 15, 46], [37, 8, 26, 2, 5288, 1, 137, 39, 5, 179], [8, 10, 28, 740, 136, 4359, 87, 42, 66, 63], [74, 26, 0, 1, 27, 103, 5507, 0, 120, 0], [0, 42, 28, 104, 186, 2, 0, 5534, 15, 186], [146, 52, 59, 63, 115, 48, 102, 99, 4621, 390], [55, 25, 9, 134, 355, 0, 6, 197, 7, 5025]]"
Gauss,7000,0.55,87.42,"[[5193, 1, 6, 41, 8, 1, 42, 0, 267, 1], [0, 4825, 725, 259, 116, 23, 117, 453, 95, 42], [12, 15, 5115, 586, 12, 1, 17, 83, 47, 0], [1, 1, 299, 5234, 3, 33, 0, 190, 38, 20], [13, 2, 64, 11, 5197, 1, 32, 53, 108, 241], [10, 6, 39, 91, 66, 4750, 54, 4, 268, 251], [74, 6, 92, 5, 20, 84, 5327, 0, 250, 0], [1, 24, 152, 335, 25, 0, 1, 5449, 75, 35], [157, 3, 57, 193, 29, 16, 49, 13, 5104, 74], [35, 2, 56, 139, 209, 4, 2, 79, 210, 5077]]"
LinDisc,2000,0.17,87.33,"[[5268, 37, 11, 22, 49, 18, 61, 9, 81, 4], [1, 5487, 226, 152, 3, 107, 164, 386, 76, 53], [19, 48, 5298, 21, 1, 6, 12, 463, 17, 3], [3, 32, 46, 4971, 0, 38, 10, 681, 24, 14], [28, 507, 67, 0, 4544, 2, 78, 27, 37, 432], [11, 25, 8, 379, 3, 4920, 68, 38, 62, 25], [116, 88, 44, 116, 62, 220, 5094, 0, 115, 3], [0, 131, 51, 4, 17, 1, 0, 5829, 27, 37], [125, 110, 45, 24, 41, 54, 182, 63, 4483, 568], [32, 62, 5, 151, 21, 37, 18, 147, 20, 5320]]"
Gauss,6000,0.55,86.94,"[[5088, 1, 29, 51, 23, 11, 60, 0, 296, 1], [3, 4791, 747, 257, 103, 20, 115, 420, 140, 59], [12, 19, 5042, 661, 13, 1, 18, 79, 41, 2], [4, 1, 337, 5212, 2, 27, 0, 203, 9, 24], [8, 2, 96, 6, 5143, 3, 52, 57, 104, 251], [2, 9, 69, 93, 5, 4817, 51, 4, 129, 360], [12, 6, 124, 4, 20, 102, 5338, 0, 252, 0], [3, 30, 187, 340, 24, 0, 1, 5412, 63, 37], [194, 2, 99, 197, 26, 16, 55, 12, 5014, 80], [36, 3, 63, 171, 185, 6, 3, 72, 147, 5127]]"
KNN euclidean,2000,2.61,86.68,"[[5334, 2, 14, 49, 14, 2, 111, 0, 29, 5], [15, 5242, 204, 334, 53, 9, 303, 94, 157, 244], [16, 10, 5449, 267, 5, 1, 32, 92, 14, 2], [6, 4, 72, 5389, 2, 45, 4, 233, 31, 33], [19, 9, 44, 25, 5159, 0, 154, 16, 7, 289], [9, 8, 26, 1009, 67, 4157, 64, 32, 81, 86], [35, 24, 4, 6, 17, 76, 5604, 0, 92, 0], [2, 17, 73, 178, 123, 2, 2, 4870, 14, 816], [196, 31, 51, 248, 80, 43, 94, 51, 4553, 348], [29, 22, 16, 266, 187, 2, 7, 176, 28, 5080]]"
KNN minkowski,2000,0.44,86.68,"[[5334, 2, 14, 49, 14, 2, 111, 0, 29, 5], [15, 5242, 204, 334, 53, 9, 303, 94, 157, 244], [16, 10, 5449, 267, 5, 1, 32, 92, 14, 2], [6, 4, 72, 5389, 2, 45, 4, 233, 31, 33], [19, 9, 44, 25, 5159, 0, 154, 16, 7, 289], [9, 8, 26, 1009, 67, 4157, 64, 32, 81, 86], [35, 24, 4, 6, 17, 76, 5604, 0, 92, 0], [2, 17, 73, 178, 123, 2, 2, 4870, 14, 816], [196, 31, 51, 248, 80, 43, 94, 51, 4553, 348], [29, 22, 16, 266, 187, 2, 7, 176, 28, 5080]]"
LogReg,7000,0.3,86.22,"[[5102, 6, 34, 65, 25, 21, 206, 9, 91, 1], [0, 4385, 244, 290, 548, 66, 559, 219, 157, 187], [22, 19, 5442, 104, 16, 1, 73, 156, 53, 2], [5, 6, 47, 5416, 39, 40, 3, 199, 18, 46], [38, 6, 22, 2, 5291, 1, 146, 44, 5, 167], [8, 9, 29, 761, 182, 4285, 90, 54, 69, 52], [78, 27, 1, 1, 37, 118, 5461, 0, 135, 0], [0, 45, 24, 83, 177, 2, 0, 5593, 15, 158], [145, 61, 51, 53, 132, 43, 91, 117, 4645, 357], [56, 25, 7, 138, 408, 0, 6, 221, 9, 4943]]"
Gauss,5000,0.57,85.51,"[[5113, 1, 35, 65, 24, 11, 79, 0, 231, 1], [4, 4570, 857, 327, 108, 19, 135, 366, 166, 103], [14, 19, 5008, 676, 12, 1, 22, 85, 46, 5], [5, 1, 379, 5178, 3, 18, 0, 207, 8, 20], [13, 2, 118, 13, 4979, 4, 59, 60, 123, 351], [4, 14, 114, 93, 12, 4877, 65, 3, 89, 268], [11, 5, 129, 5, 23, 116, 5305, 0, 264, 0], [8, 42, 241, 483, 31, 1, 2, 5215, 54, 20], [250, 1, 148, 245, 27, 25, 72, 10, 4815, 102], [47, 3, 124, 164, 110, 14, 6, 120, 137, 5088]]"
Gauss,4000,0.55,84.49,"[[4421, 1, 221, 103, 34, 20, 109, 1, 649, 1], [4, 4773, 830, 257, 104, 19, 194, 232, 174, 68], [11, 21, 5092, 577, 16, 0, 48, 70, 50, 3], [4, 1, 485, 5051, 4, 19, 2, 230, 9, 14], [2, 3, 206, 13, 4921, 6, 77, 50, 113, 331], [4, 12, 139, 94, 25, 4879, 67, 3, 78, 238], [6, 3, 113, 5, 24, 123, 5348, 0, 236, 0], [5, 32, 378, 339, 34, 2, 1, 5219, 71, 16], [196, 2, 182, 196, 29, 48, 92, 11, 4853, 86], [12, 3, 181, 176, 133, 14, 8, 159, 134, 4993]]"
LogReg,6000,0.24,84.2,"[[5023, 6, 33, 96, 29, 28, 243, 9, 92, 1], [1, 3935, 283, 316, 447, 72, 878, 156, 141, 426], [21, 18, 5447, 92, 12, 1, 87, 156, 50, 4], [5, 7, 43, 5387, 42, 40, 6, 221, 13, 55], [36, 7, 18, 2, 5268, 1, 157, 46, 7, 180], [10, 9, 26, 920, 196, 4069, 114, 74, 57, 64], [70, 22, 0, 4, 27, 156, 5421, 0, 158, 0], [0, 56, 25, 76, 148, 3, 0, 5538, 14, 237], [186, 54, 59, 57, 160, 42, 163, 145, 4332, 497], [54, 29, 8, 141, 372, 0, 7, 238, 6, 4958]]"
Gauss,3000,0.55,83.84,"[[4733, 1, 271, 66, 3, 9, 149, 1, 326, 1], [1, 4883, 770, 262, 119, 12, 215, 207, 130, 56], [16, 29, 5032, 561, 15, 0, 39, 123, 59, 14], [7, 1, 372, 5058, 3, 11, 3, 301, 42, 21], [7, 3, 262, 4, 4722, 19, 133, 70, 101, 401], [4, 33, 388, 92, 48, 4579, 61, 6, 62, 266], [7, 4, 111, 5, 7, 134, 5402, 0, 187, 1], [4, 44, 342, 317, 41, 0, 1, 5269, 61, 18], [225, 2, 382, 272, 38, 69, 130, 12, 4470, 95], [8, 3, 228, 130, 137, 14, 11, 151, 109, 5022]]"
KNN manhattan,1000,1.71,82.05,"[[5354, 1, 11, 41, 23, 6, 103, 2, 8, 11], [79, 3496, 1309, 60, 56, 5, 536, 120, 269, 725], [28, 7, 5515, 78, 8, 2, 21, 213, 11, 5], [11, 4, 375, 4879, 18, 51, 7, 360, 14, 100], [52, 5, 34, 0, 5197, 0, 162, 13, 7, 252], [14, 9, 103, 418, 84, 4619, 74, 31, 69, 118], [100, 36, 7, 0, 25, 67, 5526, 0, 96, 1], [0, 20, 82, 29, 292, 1, 0, 5043, 13, 617], [676, 36, 160, 28, 253, 34, 173, 71, 3250, 1014], [46, 16, 33, 100, 231, 7, 4, 112, 22, 5242]]"
LogReg,5000,0.23,81.93,"[[5016, 4, 32, 94, 30, 29, 268, 12, 73, 2], [2, 3526, 310, 294, 362, 85, 1143, 86, 208, 639], [19, 18, 5396, 81, 18, 3, 116, 190, 42, 5], [8, 7, 63, 5289, 65, 49, 12, 261, 9, 56], [37, 6, 19, 2, 5241, 1, 156, 39, 6, 215], [13, 9, 26, 949, 257, 3970, 142, 87, 45, 41], [76, 21, 0, 4, 39, 177, 5417, 0, 124, 0], [0, 62, 26, 74, 138, 4, 0, 5343, 9, 441], [353, 50, 72, 56, 188, 58, 247, 162, 3916, 593], [55, 30, 8, 152, 387, 0, 7, 233, 7, 4934]]"
LogReg,4000,0.19,81.41,"[[4969, 7, 43, 93, 37, 47, 280, 11, 71, 2], [2, 3504, 262, 304, 353, 112, 1268, 115, 166, 569], [15, 19, 5380, 94, 17, 3, 112, 199, 44, 5], [7, 7, 70, 5220, 64, 56, 11, 324, 8, 52], [37, 6, 18, 1, 5258, 1, 154, 43, 5, 199], [11, 9, 26, 967, 249, 3961, 139, 101, 41, 35], [66, 24, 0, 6, 41, 215, 5429, 0, 77, 0], [0, 65, 25, 73, 133, 6, 0, 5358, 12, 425], [337, 60, 71, 55, 191, 71, 288, 193, 3857, 572], [56, 29, 8, 161, 430, 1, 8, 302, 8, 4810]]"
LogReg,3000,0.16,80.67,"[[4966, 8, 41, 109, 34, 35, 280, 7, 77, 3], [2, 3527, 204, 340, 397, 97, 1250, 83, 165, 590], [19, 20, 5332, 124, 20, 3, 108, 223, 33, 6], [8, 7, 55, 5260, 63, 62, 11, 289, 8, 56], [37, 6, 16, 1, 5283, 1, 162, 30, 4, 182], [12, 11, 28, 1108, 278, 3786, 156, 99, 33, 28], [67, 31, 0, 10, 30, 231, 5414, 0, 75, 0], [0, 64, 22, 78, 149, 7, 0, 5320, 5, 452], [352, 57, 66, 60, 217, 79, 317, 176, 3655, 716], [58, 28, 7, 165, 532, 1, 10, 239, 5, 4768]]"
KNN minkowski,1000,0.27,79.18,"[[5279, 2, 40, 51, 13, 22, 122, 0, 20, 11], [48, 3155, 1372, 142, 71, 14, 583, 95, 455, 720], [18, 5, 5460, 189, 10, 3, 37, 136, 22, 8], [12, 3, 526, 4534, 47, 62, 3, 421, 12, 199], [22, 3, 68, 2, 5156, 0, 166, 21, 12, 272], [12, 11, 236, 396, 145, 4298, 71, 49, 118, 203], [75, 28, 18, 1, 26, 109, 5484, 0, 117, 0], [0, 16, 92, 54, 227, 2, 0, 4748, 22, 936], [604, 30, 370, 57, 192, 75, 152, 71, 3120, 1024], [36, 14, 44, 157, 174, 5, 4, 153, 26, 5200]]"
KNN euclidean,1000,2.66,79.18,"[[5279, 2, 40, 51, 13, 22, 122, 0, 20, 11], [48, 3155, 1372, 142, 71, 14, 583, 95, 455, 720], [18, 5, 5460, 189, 10, 3, 37, 136, 22, 8], [12, 3, 526, 4534, 47, 62, 3, 421, 12, 199], [22, 3, 68, 2, 5156, 0, 166, 21, 12, 272], [12, 11, 236, 396, 145, 4298, 71, 49, 118, 203], [75, 28, 18, 1, 26, 109, 5484, 0, 117, 0], [0, 16, 92, 54, 227, 2, 0, 4748, 22, 936], [604, 30, 370, 57, 192, 75, 152, 71, 3120, 1024], [36, 14, 44, 157, 174, 5, 4, 153, 26, 5200]]"
LinDisc,1000,0.15,78.73,"[[5151, 112, 16, 49, 29, 108, 33, 14, 9, 39], [1, 4155, 1046, 133, 156, 178, 338, 254, 321, 73], [29, 50, 5367, 23, 4, 0, 13, 384, 18, 0], [2, 53, 56, 4393, 1, 112, 10, 1103, 72, 17], [65, 401, 208, 0, 4622, 2, 68, 17, 25, 314], [11, 84, 10, 566, 4, 4633, 63, 58, 81, 29], [190, 952, 56, 110, 72, 65, 4295, 5, 109, 4], [0, 1142, 59, 11, 40, 10, 0, 4773, 36, 26], [188, 132, 74, 62, 48, 49, 349, 79, 3630, 1084], [121, 81, 58, 147, 19, 41, 48, 107, 37, 5154]]"
LogReg,2000,0.14,78.22,"[[4968, 6, 78, 103, 32, 15, 282, 5, 66, 5], [6, 3275, 193, 445, 287, 68, 1424, 58, 254, 645], [26, 23, 5368, 137, 15, 3, 96, 186, 24, 10], [8, 8, 116, 5271, 55, 43, 15, 226, 7, 70], [42, 6, 18, 7, 5276, 0, 177, 21, 4, 171], [13, 11, 64, 1448, 281, 3328, 213, 82, 40, 59], [71, 35, 5, 12, 30, 194, 5420, 0, 91, 0], [0, 64, 28, 81, 120, 5, 0, 5164, 5, 630], [535, 66, 92, 85, 221, 66, 472, 144, 3043, 971], [75, 29, 6, 178, 552, 1, 11, 199, 5, 4757]]"
Gauss,2000,0.55,78.2,"[[4474, 1, 563, 128, 7, 39, 50, 20, 276, 2], [2, 3948, 1327, 565, 100, 26, 251, 222, 113, 101], [6, 14, 4495, 1157, 5, 7, 10, 144, 20, 30], [6, 1, 205, 5199, 19, 18, 0, 336, 8, 27], [3, 2, 765, 47, 3974, 28, 71, 60, 104, 668], [6, 13, 420, 96, 56, 4600, 33, 20, 102, 193], [8, 3, 546, 6, 5, 157, 4575, 0, 557, 1], [0, 23, 370, 383, 41, 0, 0, 5221, 12, 47], [307, 2, 256, 577, 37, 71, 34, 15, 4310, 86], [12, 2, 103, 326, 116, 16, 3, 50, 119, 5066]]"
LogReg,1000,0.14,72.91,"[[4982, 5, 218, 42, 44, 21, 218, 3, 20, 7], [12, 2882, 733, 257, 456, 19, 1097, 42, 548, 609], [29, 25, 5498, 83, 18, 4, 51, 155, 16, 9], [9, 6, 1096, 3899, 190, 54, 15, 334, 4, 212], [32, 6, 39, 3, 5306, 0, 140, 15, 8, 173], [17, 11, 387, 835, 532, 3268, 222, 123, 52, 92], [87, 36, 68, 1, 61, 161, 5349, 0, 95, 0], [0, 62, 41, 42, 175, 2, 0, 4873, 23, 879], [907, 63, 334, 48, 332, 83, 462, 127, 1976, 1363], [62, 30, 22, 121, 671, 0, 3, 162, 17, 4725]]"
Gauss,1000,0.62,67.44,"[[4157, 1, 890, 85, 11, 98, 34, 37, 246, 1], [16, 2901, 2288, 130, 119, 36, 596, 158, 302, 109], [5, 4, 5182, 616, 29, 5, 4, 34, 3, 6], [2, 1, 752, 4336, 47, 27, 0, 646, 1, 7], [12, 0, 1933, 35, 3251, 24, 16, 96, 62, 293], [3, 7, 1325, 100, 9, 3856, 12, 39, 95, 93], [7, 1, 1689, 3, 0, 256, 3654, 4, 244, 0], [2, 12, 613, 261, 98, 2, 0, 4934, 29, 146], [361, 0, 1687, 273, 66, 88, 27, 16, 3136, 41], [13, 0, 691, 178, 539, 46, 0, 82, 123, 4141]]"
